--------------------------------------------------------
-- Archivo creado  - domingo-junio-14-2026   
--------------------------------------------------------
--------------------------------------------------------
--  DDL for Table ASIGNACION
--------------------------------------------------------

  CREATE TABLE "ASIGNACION" 
   (	"EMPLEADO_ID" NUMBER, 
	"PROYECTO_ID" NUMBER, 
	"HORAS_ASIGNADAS" NUMBER(5,2), 
	"ROL_EN_PROYECTO" VARCHAR2(50 BYTE)
   ) SEGMENT CREATION IMMEDIATE 
  PCTFREE 10 PCTUSED 40 INITRANS 1 MAXTRANS 255 
 NOCOMPRESS LOGGING
  STORAGE(INITIAL 65536 NEXT 1048576 MINEXTENTS 1 MAXEXTENTS 2147483645
  PCTINCREASE 0 FREELISTS 1 FREELIST GROUPS 1
  BUFFER_POOL DEFAULT FLASH_CACHE DEFAULT CELL_FLASH_CACHE DEFAULT)
  TABLESPACE "USERS" ;
  GRANT SELECT ON "ASIGNACION" TO "USR_LECTURA";
--------------------------------------------------------
--  DDL for Table AUDITORIA_EMPLEADOS
--------------------------------------------------------

  CREATE TABLE "AUDITORIA_EMPLEADOS" 
   (	"ID_AUDITORIA" NUMBER GENERATED ALWAYS AS IDENTITY MINVALUE 1 MAXVALUE 9999999999999999999999999999 INCREMENT BY 1 START WITH 1 CACHE 20 NOORDER  NOCYCLE  NOKEEP  NOSCALE , 
	"USUARIO" VARCHAR2(50 BYTE) DEFAULT USER, 
	"FECHA_HORA" TIMESTAMP (6) DEFAULT CURRENT_TIMESTAMP, 
	"ACCION" VARCHAR2(20 BYTE), 
	"EMPLEADO_ID" NUMBER, 
	"SALARIO_ANTERIOR" NUMBER(8,2), 
	"SALARIO_NUEVO" NUMBER(8,2), 
	"PUESTO_ANTERIOR" VARCHAR2(10 BYTE), 
	"PUESTO_NUEVO" VARCHAR2(10 BYTE)
   ) SEGMENT CREATION DEFERRED 
  PCTFREE 10 PCTUSED 40 INITRANS 1 MAXTRANS 255 
 NOCOMPRESS LOGGING
  TABLESPACE "USERS" ;
  GRANT DELETE ON "AUDITORIA_EMPLEADOS" TO "USR_ADMIN";
  GRANT INSERT ON "AUDITORIA_EMPLEADOS" TO "USR_ADMIN";
  GRANT SELECT ON "AUDITORIA_EMPLEADOS" TO "USR_ADMIN";
  GRANT UPDATE ON "AUDITORIA_EMPLEADOS" TO "USR_ADMIN";
--------------------------------------------------------
--  DDL for Table DEPARTAMENTO
--------------------------------------------------------

  CREATE TABLE "DEPARTAMENTO" 
   (	"DEPARTAMENTO_ID" NUMBER GENERATED BY DEFAULT AS IDENTITY MINVALUE 1 MAXVALUE 9999999999999999999999999999 INCREMENT BY 1 START WITH 1 CACHE 20 NOORDER  NOCYCLE  NOKEEP  NOSCALE , 
	"NOMBRE_DEPARTAMENTO" VARCHAR2(50 BYTE), 
	"MANAGER_ID" NUMBER, 
	"LOCALIZACION_ID" NUMBER
   ) SEGMENT CREATION IMMEDIATE 
  PCTFREE 10 PCTUSED 40 INITRANS 1 MAXTRANS 255 
 NOCOMPRESS LOGGING
  STORAGE(INITIAL 65536 NEXT 1048576 MINEXTENTS 1 MAXEXTENTS 2147483645
  PCTINCREASE 0 FREELISTS 1 FREELIST GROUPS 1
  BUFFER_POOL DEFAULT FLASH_CACHE DEFAULT CELL_FLASH_CACHE DEFAULT)
  TABLESPACE "USERS" ;
  GRANT SELECT ON "DEPARTAMENTO" TO "USR_LECTURA";
--------------------------------------------------------
--  DDL for Table EMPLEADO
--------------------------------------------------------

  CREATE TABLE "EMPLEADO" 
   (	"EMPLEADO_ID" NUMBER GENERATED BY DEFAULT AS IDENTITY MINVALUE 1 MAXVALUE 9999999999999999999999999999 INCREMENT BY 1 START WITH 1 CACHE 20 NOORDER  NOCYCLE  NOKEEP  NOSCALE , 
	"NOMBRE" VARCHAR2(50 BYTE), 
	"APELLIDO" VARCHAR2(50 BYTE), 
	"EMAIL" VARCHAR2(50 BYTE), 
	"TELEFONO" VARCHAR2(50 BYTE), 
	"FECHA_CONTRATACION" DATE, 
	"SALARIO" NUMBER(8,2), 
	"COMISION_PCT" NUMBER(2,2), 
	"PUESTO_ID" VARCHAR2(10 BYTE), 
	"DEPARTAMENTO_ID" NUMBER, 
	"MANAGER_ID" NUMBER
   ) SEGMENT CREATION IMMEDIATE 
  PCTFREE 10 PCTUSED 40 INITRANS 1 MAXTRANS 255 
 NOCOMPRESS LOGGING
  STORAGE(INITIAL 65536 NEXT 1048576 MINEXTENTS 1 MAXEXTENTS 2147483645
  PCTINCREASE 0 FREELISTS 1 FREELIST GROUPS 1
  BUFFER_POOL DEFAULT FLASH_CACHE DEFAULT CELL_FLASH_CACHE DEFAULT)
  TABLESPACE "USERS" ;
  GRANT SELECT ON "EMPLEADO" TO "USR_LECTURA";
--------------------------------------------------------
--  DDL for Table HISTORIAL_PUESTO
--------------------------------------------------------

  CREATE TABLE "HISTORIAL_PUESTO" 
   (	"EMPLEADO_ID" NUMBER, 
	"FECHA_INICIO" DATE, 
	"FECHA_FIN" DATE, 
	"PUESTO_ID" VARCHAR2(10 BYTE), 
	"DEPARTAMENTO_ID" NUMBER
   ) SEGMENT CREATION IMMEDIATE 
  PCTFREE 10 PCTUSED 40 INITRANS 1 MAXTRANS 255 
 NOCOMPRESS LOGGING
  STORAGE(INITIAL 65536 NEXT 1048576 MINEXTENTS 1 MAXEXTENTS 2147483645
  PCTINCREASE 0 FREELISTS 1 FREELIST GROUPS 1
  BUFFER_POOL DEFAULT FLASH_CACHE DEFAULT CELL_FLASH_CACHE DEFAULT)
  TABLESPACE "USERS" ;
  GRANT SELECT ON "HISTORIAL_PUESTO" TO "USR_LECTURA";
--------------------------------------------------------
--  DDL for Table LOCALIZACION
--------------------------------------------------------

  CREATE TABLE "LOCALIZACION" 
   (	"LOCALIZACION_ID" NUMBER GENERATED BY DEFAULT AS IDENTITY MINVALUE 1 MAXVALUE 9999999999999999999999999999 INCREMENT BY 1 START WITH 1 CACHE 20 NOORDER  NOCYCLE  NOKEEP  NOSCALE , 
	"CALLE" VARCHAR2(50 BYTE), 
	"CODIGO_POSTAL" VARCHAR2(20 BYTE), 
	"CIUDAD" VARCHAR2(20 BYTE), 
	"PROVINCIA" VARCHAR2(20 BYTE), 
	"PAIS_ID" CHAR(2 BYTE)
   ) SEGMENT CREATION IMMEDIATE 
  PCTFREE 10 PCTUSED 40 INITRANS 1 MAXTRANS 255 
 NOCOMPRESS LOGGING
  STORAGE(INITIAL 65536 NEXT 1048576 MINEXTENTS 1 MAXEXTENTS 2147483645
  PCTINCREASE 0 FREELISTS 1 FREELIST GROUPS 1
  BUFFER_POOL DEFAULT FLASH_CACHE DEFAULT CELL_FLASH_CACHE DEFAULT)
  TABLESPACE "USERS" ;
  GRANT SELECT ON "LOCALIZACION" TO "USR_LECTURA";
--------------------------------------------------------
--  DDL for Table LOG_ERRORES
--------------------------------------------------------

  CREATE TABLE "LOG_ERRORES" 
   (	"ID_LOG" NUMBER GENERATED ALWAYS AS IDENTITY MINVALUE 1 MAXVALUE 9999999999999999999999999999 INCREMENT BY 1 START WITH 1 CACHE 20 NOORDER  NOCYCLE  NOKEEP  NOSCALE , 
	"USUARIO" VARCHAR2(50 BYTE) DEFAULT USER, 
	"FECHA" TIMESTAMP (6) DEFAULT CURRENT_TIMESTAMP, 
	"CODIGO_ERROR" NUMBER, 
	"MENSAJE_ERROR" VARCHAR2(4000 BYTE)
   ) SEGMENT CREATION DEFERRED 
  PCTFREE 10 PCTUSED 40 INITRANS 1 MAXTRANS 255 
 NOCOMPRESS LOGGING
  TABLESPACE "USERS" ;
  GRANT DELETE ON "LOG_ERRORES" TO "USR_ADMIN";
  GRANT INSERT ON "LOG_ERRORES" TO "USR_ADMIN";
  GRANT SELECT ON "LOG_ERRORES" TO "USR_ADMIN";
  GRANT UPDATE ON "LOG_ERRORES" TO "USR_ADMIN";
--------------------------------------------------------
--  DDL for Table PAIS
--------------------------------------------------------

  CREATE TABLE "PAIS" 
   (	"PAIS_ID" CHAR(2 BYTE), 
	"NOMBRE_PAIS" VARCHAR2(50 BYTE), 
	"REGION_ID" NUMBER
   ) SEGMENT CREATION IMMEDIATE 
  PCTFREE 10 PCTUSED 40 INITRANS 1 MAXTRANS 255 
 NOCOMPRESS LOGGING
  STORAGE(INITIAL 65536 NEXT 1048576 MINEXTENTS 1 MAXEXTENTS 2147483645
  PCTINCREASE 0 FREELISTS 1 FREELIST GROUPS 1
  BUFFER_POOL DEFAULT FLASH_CACHE DEFAULT CELL_FLASH_CACHE DEFAULT)
  TABLESPACE "USERS" ;
  GRANT SELECT ON "PAIS" TO "USR_LECTURA";
--------------------------------------------------------
--  DDL for Table PROYECTO
--------------------------------------------------------

  CREATE TABLE "PROYECTO" 
   (	"PROYECTO_ID" NUMBER GENERATED BY DEFAULT AS IDENTITY MINVALUE 1 MAXVALUE 9999999999999999999999999999 INCREMENT BY 1 START WITH 1 CACHE 20 NOORDER  NOCYCLE  NOKEEP  NOSCALE , 
	"NOMBRE_PROYECTO" VARCHAR2(100 BYTE), 
	"PRESUPUESTO" NUMBER(8,2), 
	"FECHA_INICIO" DATE, 
	"FECHA_FIN" DATE, 
	"ESTADO" VARCHAR2(10 BYTE) DEFAULT 'Activo'
   ) SEGMENT CREATION IMMEDIATE 
  PCTFREE 10 PCTUSED 40 INITRANS 1 MAXTRANS 255 
 NOCOMPRESS LOGGING
  STORAGE(INITIAL 65536 NEXT 1048576 MINEXTENTS 1 MAXEXTENTS 2147483645
  PCTINCREASE 0 FREELISTS 1 FREELIST GROUPS 1
  BUFFER_POOL DEFAULT FLASH_CACHE DEFAULT CELL_FLASH_CACHE DEFAULT)
  TABLESPACE "USERS" ;
  GRANT SELECT ON "PROYECTO" TO "USR_LECTURA";
--------------------------------------------------------
--  DDL for Table PUESTO
--------------------------------------------------------

  CREATE TABLE "PUESTO" 
   (	"PUESTO_ID" VARCHAR2(10 BYTE), 
	"TITULO_PUESTO" VARCHAR2(50 BYTE), 
	"SALARIO_MIN" NUMBER(8,2), 
	"SALARIO_MAX" NUMBER(8,2)
   ) SEGMENT CREATION IMMEDIATE 
  PCTFREE 10 PCTUSED 40 INITRANS 1 MAXTRANS 255 
 NOCOMPRESS LOGGING
  STORAGE(INITIAL 65536 NEXT 1048576 MINEXTENTS 1 MAXEXTENTS 2147483645
  PCTINCREASE 0 FREELISTS 1 FREELIST GROUPS 1
  BUFFER_POOL DEFAULT FLASH_CACHE DEFAULT CELL_FLASH_CACHE DEFAULT)
  TABLESPACE "USERS" ;
  GRANT SELECT ON "PUESTO" TO "USR_LECTURA";
--------------------------------------------------------
--  DDL for Table REGION
--------------------------------------------------------

  CREATE TABLE "REGION" 
   (	"REGION_ID" NUMBER GENERATED BY DEFAULT AS IDENTITY MINVALUE 1 MAXVALUE 9999999999999999999999999999 INCREMENT BY 1 START WITH 1 CACHE 20 NOORDER  NOCYCLE  NOKEEP  NOSCALE , 
	"NOMBRE_REGION" VARCHAR2(50 BYTE)
   ) SEGMENT CREATION IMMEDIATE 
  PCTFREE 10 PCTUSED 40 INITRANS 1 MAXTRANS 255 
 NOCOMPRESS LOGGING
  STORAGE(INITIAL 65536 NEXT 1048576 MINEXTENTS 1 MAXEXTENTS 2147483645
  PCTINCREASE 0 FREELISTS 1 FREELIST GROUPS 1
  BUFFER_POOL DEFAULT FLASH_CACHE DEFAULT CELL_FLASH_CACHE DEFAULT)
  TABLESPACE "USERS" ;
  GRANT SELECT ON "REGION" TO "USR_LECTURA";
--------------------------------------------------------
--  DDL for View VISTA_EMPLEADOS_OPERATIVA
--------------------------------------------------------

  CREATE OR REPLACE FORCE EDITIONABLE VIEW "VISTA_EMPLEADOS_OPERATIVA" ("EMPLEADO_ID", "NOMBRE_COMPLETO", "EMAIL", "TELEFONO", "FECHA_CONTRATACION", "SALARIO_FORMATEADO", "COMISION_PCT", "TITULO_PUESTO", "NOMBRE_DEPARTAMENTO", "NOMBRE_JEFE", "CIUDAD", "PROVINCIA", "NOMBRE_PAIS", "NOMBRE_REGION", "ANIOS_ANTIGUEDAD") AS 
  SELECT 
    e.empleado_id,
    e.nombre || ' ' || e.apellido AS nombre_completo,      -- Nombre completo concatenado
    e.email,
    e.telefono,
    TO_CHAR(e.fecha_contratacion, 'DD/MM/YYYY') AS fecha_contratacion,  -- Fecha formateada
    TO_CHAR(e.salario, 'FM$999,999.99') AS salario_formateado,          -- Salario con formato moneda
    e.comision_pct,
    p.titulo_puesto,                                      -- Título del puesto desde tabla Puesto
    d.nombre_departamento,                                -- Departamento del empleado
    jefe.nombre || ' ' || jefe.apellido AS nombre_jefe,   -- Nombre del jefe (LEFT JOIN permite nulos)
    l.ciudad,                                             -- Ubicación geográfica
    l.provincia,
    pa.nombre_pais,
    r.nombre_region,
    ROUND((SYSDATE - e.fecha_contratacion) / 365, 1) AS anios_antiguedad  -- Años trabajados
FROM adminproyecto.empleado e
INNER JOIN adminproyecto.puesto p ON e.puesto_id = p.puesto_id
INNER JOIN adminproyecto.departamento d ON e.departamento_id = d.departamento_id
LEFT JOIN adminproyecto.empleado jefe ON e.manager_id = jefe.empleado_id    -- LEFT JOIN porque CEO no tiene jefe
LEFT JOIN adminproyecto.localizacion l ON d.localizacion_id = l.localizacion_id
LEFT JOIN adminproyecto.pais pa ON l.pais_id = pa.pais_id
LEFT JOIN adminproyecto.region r ON pa.region_id = r.region_id
;
  GRANT SELECT ON "VISTA_EMPLEADOS_OPERATIVA" TO "USR_LECTURA";
--------------------------------------------------------
--  DDL for View VISTA_REPORTING_DEPARTAMENTOS
--------------------------------------------------------

  CREATE OR REPLACE FORCE EDITIONABLE VIEW "VISTA_REPORTING_DEPARTAMENTOS" ("NOMBRE_DEPARTAMENTO", "TOTAL_EMPLEADOS", "SALARIO_PROMEDIO", "SALARIO_TOTAL_FORMATEADO", "SALARIO_MINIMO", "SALARIO_MAXIMO", "ULTIMA_CONTRATACION", "PRIMERA_CONTRATACION", "ANIOS_DESDE_PRIMER_EMPLEADO") AS 
  SELECT 
    d.nombre_departamento,
    COUNT(e.empleado_id) AS total_empleados,                               -- Cantidad de empleados
    ROUND(AVG(e.salario), 2) AS salario_promedio,                         -- Promedio salarial
    TO_CHAR(SUM(e.salario), 'FM$999,999,999.00') AS salario_total_formateado,  -- Masa salarial
    TO_CHAR(MIN(e.salario), 'FM$999,999.00') AS salario_minimo,            -- Salario más bajo
    TO_CHAR(MAX(e.salario), 'FM$999,999.00') AS salario_maximo,            -- Salario más alto
    TO_CHAR(MAX(e.fecha_contratacion), 'DD/MM/YYYY') AS ultima_contratacion,  -- Empleado más nuevo
    TO_CHAR(MIN(e.fecha_contratacion), 'DD/MM/YYYY') AS primera_contratacion,  -- Empleado más antiguo
    ROUND((SYSDATE - MIN(e.fecha_contratacion)) / 365, 1) AS anios_desde_primer_empleado  -- Madurez del equipo
FROM adminproyecto.departamento d
LEFT JOIN adminproyecto.empleado e ON d.departamento_id = e.departamento_id    -- LEFT JOIN muestra departamentos sin empleados
GROUP BY d.nombre_departamento
;
  GRANT SELECT ON "VISTA_REPORTING_DEPARTAMENTOS" TO "USR_LECTURA";
REM INSERTING into ASIGNACION
SET DEFINE OFF;
Insert into ASIGNACION (EMPLEADO_ID,PROYECTO_ID,HORAS_ASIGNADAS,ROL_EN_PROYECTO) values (1,1,20,'Desarrollador');
Insert into ASIGNACION (EMPLEADO_ID,PROYECTO_ID,HORAS_ASIGNADAS,ROL_EN_PROYECTO) values (2,1,40,'Líder Técnico');
Insert into ASIGNACION (EMPLEADO_ID,PROYECTO_ID,HORAS_ASIGNADAS,ROL_EN_PROYECTO) values (1,2,10,'Desarrollador');
Insert into ASIGNACION (EMPLEADO_ID,PROYECTO_ID,HORAS_ASIGNADAS,ROL_EN_PROYECTO) values (6,3,30,'Analista Financiero');
Insert into ASIGNACION (EMPLEADO_ID,PROYECTO_ID,HORAS_ASIGNADAS,ROL_EN_PROYECTO) values (7,5,25,'Coordinador');
Insert into ASIGNACION (EMPLEADO_ID,PROYECTO_ID,HORAS_ASIGNADAS,ROL_EN_PROYECTO) values (8,9,15,'Facilitador');
Insert into ASIGNACION (EMPLEADO_ID,PROYECTO_ID,HORAS_ASIGNADAS,ROL_EN_PROYECTO) values (3,2,35,'Analista de Negocios');
Insert into ASIGNACION (EMPLEADO_ID,PROYECTO_ID,HORAS_ASIGNADAS,ROL_EN_PROYECTO) values (4,1,15,'Arquitecto de Software');
Insert into ASIGNACION (EMPLEADO_ID,PROYECTO_ID,HORAS_ASIGNADAS,ROL_EN_PROYECTO) values (5,4,40,'Gerente de Proyecto');
Insert into ASIGNACION (EMPLEADO_ID,PROYECTO_ID,HORAS_ASIGNADAS,ROL_EN_PROYECTO) values (6,7,25,'Ingeniero de Calidad');
Insert into ASIGNACION (EMPLEADO_ID,PROYECTO_ID,HORAS_ASIGNADAS,ROL_EN_PROYECTO) values (2,3,10,'Instructor');
Insert into ASIGNACION (EMPLEADO_ID,PROYECTO_ID,HORAS_ASIGNADAS,ROL_EN_PROYECTO) values (1,13,40,'Científico de Datos');
Insert into ASIGNACION (EMPLEADO_ID,PROYECTO_ID,HORAS_ASIGNADAS,ROL_EN_PROYECTO) values (7,14,20,'Coordinador de Medios');
Insert into ASIGNACION (EMPLEADO_ID,PROYECTO_ID,HORAS_ASIGNADAS,ROL_EN_PROYECTO) values (9,9,30,'Técnico de Infraestructura');
Insert into ASIGNACION (EMPLEADO_ID,PROYECTO_ID,HORAS_ASIGNADAS,ROL_EN_PROYECTO) values (6,5,15,'Auditor Interno');
REM INSERTING into AUDITORIA_EMPLEADOS
SET DEFINE OFF;
REM INSERTING into DEPARTAMENTO
SET DEFINE OFF;
Insert into DEPARTAMENTO (DEPARTAMENTO_ID,NOMBRE_DEPARTAMENTO,MANAGER_ID,LOCALIZACION_ID) values (1,'Sistemas',4,1);
Insert into DEPARTAMENTO (DEPARTAMENTO_ID,NOMBRE_DEPARTAMENTO,MANAGER_ID,LOCALIZACION_ID) values (2,'Ventas',3,3);
Insert into DEPARTAMENTO (DEPARTAMENTO_ID,NOMBRE_DEPARTAMENTO,MANAGER_ID,LOCALIZACION_ID) values (3,'Recursos Humanos',8,1);
Insert into DEPARTAMENTO (DEPARTAMENTO_ID,NOMBRE_DEPARTAMENTO,MANAGER_ID,LOCALIZACION_ID) values (4,'Contabilidad',6,4);
Insert into DEPARTAMENTO (DEPARTAMENTO_ID,NOMBRE_DEPARTAMENTO,MANAGER_ID,LOCALIZACION_ID) values (5,'Marketing',7,2);
Insert into DEPARTAMENTO (DEPARTAMENTO_ID,NOMBRE_DEPARTAMENTO,MANAGER_ID,LOCALIZACION_ID) values (6,'Dirección General',5,2);
Insert into DEPARTAMENTO (DEPARTAMENTO_ID,NOMBRE_DEPARTAMENTO,MANAGER_ID,LOCALIZACION_ID) values (7,'Logística',null,6);
Insert into DEPARTAMENTO (DEPARTAMENTO_ID,NOMBRE_DEPARTAMENTO,MANAGER_ID,LOCALIZACION_ID) values (8,'Atención al Cliente',null,8);
Insert into DEPARTAMENTO (DEPARTAMENTO_ID,NOMBRE_DEPARTAMENTO,MANAGER_ID,LOCALIZACION_ID) values (9,'I+D',null,5);
Insert into DEPARTAMENTO (DEPARTAMENTO_ID,NOMBRE_DEPARTAMENTO,MANAGER_ID,LOCALIZACION_ID) values (10,'Legal',null,9);
REM INSERTING into EMPLEADO
SET DEFINE OFF;
Insert into EMPLEADO (EMPLEADO_ID,NOMBRE,APELLIDO,EMAIL,TELEFONO,FECHA_CONTRATACION,SALARIO,COMISION_PCT,PUESTO_ID,DEPARTAMENTO_ID,MANAGER_ID) values (1,'Juan','Pérez','jperez@empresa.com',null,to_date('15/01/20','DD/MM/RR'),2500,null,'IT_PROG',1,4);
Insert into EMPLEADO (EMPLEADO_ID,NOMBRE,APELLIDO,EMAIL,TELEFONO,FECHA_CONTRATACION,SALARIO,COMISION_PCT,PUESTO_ID,DEPARTAMENTO_ID,MANAGER_ID) values (2,'Ana','García','agarcia@empresa.com',null,to_date('20/05/19','DD/MM/RR'),4500,null,'IT_SR_PR',1,4);
Insert into EMPLEADO (EMPLEADO_ID,NOMBRE,APELLIDO,EMAIL,TELEFONO,FECHA_CONTRATACION,SALARIO,COMISION_PCT,PUESTO_ID,DEPARTAMENTO_ID,MANAGER_ID) values (3,'Luis','Rodríguez','lrod@empresa.com',null,to_date('10/03/21','DD/MM/RR'),1800,null,'SA_REP',2,7);
Insert into EMPLEADO (EMPLEADO_ID,NOMBRE,APELLIDO,EMAIL,TELEFONO,FECHA_CONTRATACION,SALARIO,COMISION_PCT,PUESTO_ID,DEPARTAMENTO_ID,MANAGER_ID) values (4,'Marta','López','mlopez@empresa.com',null,to_date('01/11/18','DD/MM/RR'),8000,null,'IT_DIR',1,5);
Insert into EMPLEADO (EMPLEADO_ID,NOMBRE,APELLIDO,EMAIL,TELEFONO,FECHA_CONTRATACION,SALARIO,COMISION_PCT,PUESTO_ID,DEPARTAMENTO_ID,MANAGER_ID) values (5,'Carlos','Sánchez','csan@empresa.com',null,to_date('01/01/22','DD/MM/RR'),20000,null,'CEO',6,null);
Insert into EMPLEADO (EMPLEADO_ID,NOMBRE,APELLIDO,EMAIL,TELEFONO,FECHA_CONTRATACION,SALARIO,COMISION_PCT,PUESTO_ID,DEPARTAMENTO_ID,MANAGER_ID) values (6,'Elena','Martínez','emart@empresa.com',null,to_date('15/06/20','DD/MM/RR'),2200,null,'FI_ACC',4,4);
Insert into EMPLEADO (EMPLEADO_ID,NOMBRE,APELLIDO,EMAIL,TELEFONO,FECHA_CONTRATACION,SALARIO,COMISION_PCT,PUESTO_ID,DEPARTAMENTO_ID,MANAGER_ID) values (7,'Roberto','Gómez','rgom@empresa.com',null,to_date('20/08/21','DD/MM/RR'),4000,null,'MK_MAN',5,5);
Insert into EMPLEADO (EMPLEADO_ID,NOMBRE,APELLIDO,EMAIL,TELEFONO,FECHA_CONTRATACION,SALARIO,COMISION_PCT,PUESTO_ID,DEPARTAMENTO_ID,MANAGER_ID) values (8,'Sofía','Díaz','sdiaz@empresa.com',null,to_date('14/02/22','DD/MM/RR'),1600,null,'HR_REP',3,null);
Insert into EMPLEADO (EMPLEADO_ID,NOMBRE,APELLIDO,EMAIL,TELEFONO,FECHA_CONTRATACION,SALARIO,COMISION_PCT,PUESTO_ID,DEPARTAMENTO_ID,MANAGER_ID) values (9,'Diego','Torres','dtorres@empresa.com',null,to_date('01/12/19','DD/MM/RR'),900,null,'ST_CLRK',7,null);
Insert into EMPLEADO (EMPLEADO_ID,NOMBRE,APELLIDO,EMAIL,TELEFONO,FECHA_CONTRATACION,SALARIO,COMISION_PCT,PUESTO_ID,DEPARTAMENTO_ID,MANAGER_ID) values (10,'Lucía','Ruiz','lruiz@empresa.com',null,to_date('30/09/20','DD/MM/RR'),1400,null,'AD_ASST',8,4);
REM INSERTING into HISTORIAL_PUESTO
SET DEFINE OFF;
Insert into HISTORIAL_PUESTO (EMPLEADO_ID,FECHA_INICIO,FECHA_FIN,PUESTO_ID,DEPARTAMENTO_ID) values (1,to_date('01/01/18','DD/MM/RR'),to_date('31/12/19','DD/MM/RR'),'ST_CLRK',7);
Insert into HISTORIAL_PUESTO (EMPLEADO_ID,FECHA_INICIO,FECHA_FIN,PUESTO_ID,DEPARTAMENTO_ID) values (2,to_date('01/06/17','DD/MM/RR'),to_date('30/04/19','DD/MM/RR'),'IT_PROG',1);
Insert into HISTORIAL_PUESTO (EMPLEADO_ID,FECHA_INICIO,FECHA_FIN,PUESTO_ID,DEPARTAMENTO_ID) values (1,to_date('01/01/15','DD/MM/RR'),to_date('31/12/17','DD/MM/RR'),'ST_CLRK',7);
Insert into HISTORIAL_PUESTO (EMPLEADO_ID,FECHA_INICIO,FECHA_FIN,PUESTO_ID,DEPARTAMENTO_ID) values (3,to_date('15/02/19','DD/MM/RR'),to_date('14/02/21','DD/MM/RR'),'AD_ASST',8);
Insert into HISTORIAL_PUESTO (EMPLEADO_ID,FECHA_INICIO,FECHA_FIN,PUESTO_ID,DEPARTAMENTO_ID) values (4,to_date('01/05/10','DD/MM/RR'),to_date('31/10/18','DD/MM/RR'),'IT_SR_PR',1);
Insert into HISTORIAL_PUESTO (EMPLEADO_ID,FECHA_INICIO,FECHA_FIN,PUESTO_ID,DEPARTAMENTO_ID) values (6,to_date('20/03/18','DD/MM/RR'),to_date('14/06/20','DD/MM/RR'),'AD_ASST',3);
Insert into HISTORIAL_PUESTO (EMPLEADO_ID,FECHA_INICIO,FECHA_FIN,PUESTO_ID,DEPARTAMENTO_ID) values (8,to_date('10/01/20','DD/MM/RR'),to_date('13/02/22','DD/MM/RR'),'SA_REP',2);
Insert into HISTORIAL_PUESTO (EMPLEADO_ID,FECHA_INICIO,FECHA_FIN,PUESTO_ID,DEPARTAMENTO_ID) values (10,to_date('01/11/18','DD/MM/RR'),to_date('29/09/20','DD/MM/RR'),'ST_CLRK',7);
Insert into HISTORIAL_PUESTO (EMPLEADO_ID,FECHA_INICIO,FECHA_FIN,PUESTO_ID,DEPARTAMENTO_ID) values (2,to_date('01/01/16','DD/MM/RR'),to_date('19/05/19','DD/MM/RR'),'IT_PROG',1);
Insert into HISTORIAL_PUESTO (EMPLEADO_ID,FECHA_INICIO,FECHA_FIN,PUESTO_ID,DEPARTAMENTO_ID) values (7,to_date('15/08/17','DD/MM/RR'),to_date('19/08/21','DD/MM/RR'),'SA_REP',2);
Insert into HISTORIAL_PUESTO (EMPLEADO_ID,FECHA_INICIO,FECHA_FIN,PUESTO_ID,DEPARTAMENTO_ID) values (5,to_date('01/01/12','DD/MM/RR'),to_date('31/12/21','DD/MM/RR'),'MK_MAN',5);
Insert into HISTORIAL_PUESTO (EMPLEADO_ID,FECHA_INICIO,FECHA_FIN,PUESTO_ID,DEPARTAMENTO_ID) values (9,to_date('01/04/17','DD/MM/RR'),to_date('30/11/19','DD/MM/RR'),'AD_ASST',3);
Insert into HISTORIAL_PUESTO (EMPLEADO_ID,FECHA_INICIO,FECHA_FIN,PUESTO_ID,DEPARTAMENTO_ID) values (3,to_date('01/10/16','DD/MM/RR'),to_date('14/02/19','DD/MM/RR'),'ST_CLRK',7);
Insert into HISTORIAL_PUESTO (EMPLEADO_ID,FECHA_INICIO,FECHA_FIN,PUESTO_ID,DEPARTAMENTO_ID) values (4,to_date('01/01/05','DD/MM/RR'),to_date('30/04/10','DD/MM/RR'),'IT_PROG',1);
Insert into HISTORIAL_PUESTO (EMPLEADO_ID,FECHA_INICIO,FECHA_FIN,PUESTO_ID,DEPARTAMENTO_ID) values (6,to_date('01/06/15','DD/MM/RR'),to_date('19/03/18','DD/MM/RR'),'ST_CLRK',7);
Insert into HISTORIAL_PUESTO (EMPLEADO_ID,FECHA_INICIO,FECHA_FIN,PUESTO_ID,DEPARTAMENTO_ID) values (8,to_date('01/01/17','DD/MM/RR'),to_date('09/01/20','DD/MM/RR'),'AD_ASST',8);
REM INSERTING into LOCALIZACION
SET DEFINE OFF;
Insert into LOCALIZACION (LOCALIZACION_ID,CALLE,CODIGO_POSTAL,CIUDAD,PROVINCIA,PAIS_ID) values (1,'Calle La Reforma 123','01101','San Salvador','San Salvador','SV');
Insert into LOCALIZACION (LOCALIZACION_ID,CALLE,CODIGO_POSTAL,CIUDAD,PROVINCIA,PAIS_ID) values (2,'1600 Amphitheatre Pkwy','94043','Mountain View','California','US');
Insert into LOCALIZACION (LOCALIZACION_ID,CALLE,CODIGO_POSTAL,CIUDAD,PROVINCIA,PAIS_ID) values (3,'Paseo de la Reforma 50','06600','Ciudad de México','CDMX','MX');
Insert into LOCALIZACION (LOCALIZACION_ID,CALLE,CODIGO_POSTAL,CIUDAD,PROVINCIA,PAIS_ID) values (4,'Calle Mayor 1','28001','Madrid','Madrid','ES');
Insert into LOCALIZACION (LOCALIZACION_ID,CALLE,CODIGO_POSTAL,CIUDAD,PROVINCIA,PAIS_ID) values (5,'Shinjuku-ku 1-1','160-0022','Tokio','Tokio','JP');
Insert into LOCALIZACION (LOCALIZACION_ID,CALLE,CODIGO_POSTAL,CIUDAD,PROVINCIA,PAIS_ID) values (6,'Av. Paulista 1000','01310-100','Sao Paulo','SP','BR');
Insert into LOCALIZACION (LOCALIZACION_ID,CALLE,CODIGO_POSTAL,CIUDAD,PROVINCIA,PAIS_ID) values (7,'Alexanderplatz 1','10178','Berlín','Berlín','DE');
Insert into LOCALIZACION (LOCALIZACION_ID,CALLE,CODIGO_POSTAL,CIUDAD,PROVINCIA,PAIS_ID) values (8,'Bay St 200','M5J 2J2','Toronto','Ontario','CA');
Insert into LOCALIZACION (LOCALIZACION_ID,CALLE,CODIGO_POSTAL,CIUDAD,PROVINCIA,PAIS_ID) values (9,'Champs-Élysées 10','75008','París','Isla de Francia','FR');
Insert into LOCALIZACION (LOCALIZACION_ID,CALLE,CODIGO_POSTAL,CIUDAD,PROVINCIA,PAIS_ID) values (10,'Nanjing Rd 500','200001','Shanghái','Shanghái','CN');
REM INSERTING into LOG_ERRORES
SET DEFINE OFF;
REM INSERTING into PAIS
SET DEFINE OFF;
Insert into PAIS (PAIS_ID,NOMBRE_PAIS,REGION_ID) values ('SV','El Salvador',2);
Insert into PAIS (PAIS_ID,NOMBRE_PAIS,REGION_ID) values ('US','Estados Unidos',1);
Insert into PAIS (PAIS_ID,NOMBRE_PAIS,REGION_ID) values ('MX','México',1);
Insert into PAIS (PAIS_ID,NOMBRE_PAIS,REGION_ID) values ('ES','España',4);
Insert into PAIS (PAIS_ID,NOMBRE_PAIS,REGION_ID) values ('JP','Japón',6);
Insert into PAIS (PAIS_ID,NOMBRE_PAIS,REGION_ID) values ('BR','Brasil',3);
Insert into PAIS (PAIS_ID,NOMBRE_PAIS,REGION_ID) values ('DE','Alemania',4);
Insert into PAIS (PAIS_ID,NOMBRE_PAIS,REGION_ID) values ('CA','Canadá',1);
Insert into PAIS (PAIS_ID,NOMBRE_PAIS,REGION_ID) values ('FR','Francia',4);
Insert into PAIS (PAIS_ID,NOMBRE_PAIS,REGION_ID) values ('CN','China',6);
REM INSERTING into PROYECTO
SET DEFINE OFF;
Insert into PROYECTO (PROYECTO_ID,NOMBRE_PROYECTO,PRESUPUESTO,FECHA_INICIO,FECHA_FIN,ESTADO) values (1,'Rediseño Web Corporativo',12500,to_date('10/01/23','DD/MM/RR'),to_date('15/04/23','DD/MM/RR'),'Inactivo');
Insert into PROYECTO (PROYECTO_ID,NOMBRE_PROYECTO,PRESUPUESTO,FECHA_INICIO,FECHA_FIN,ESTADO) values (2,'Implementación ERP SAP',85000,to_date('01/06/22','DD/MM/RR'),to_date('31/12/23','DD/MM/RR'),'Inactivo');
Insert into PROYECTO (PROYECTO_ID,NOMBRE_PROYECTO,PRESUPUESTO,FECHA_INICIO,FECHA_FIN,ESTADO) values (3,'Taller Ciberseguridad 2024',4500,to_date('01/02/24','DD/MM/RR'),to_date('28/02/24','DD/MM/RR'),'Activo');
Insert into PROYECTO (PROYECTO_ID,NOMBRE_PROYECTO,PRESUPUESTO,FECHA_INICIO,FECHA_FIN,ESTADO) values (4,'Expansión Sucursal Norte',150000,to_date('15/03/23','DD/MM/RR'),to_date('15/03/24','DD/MM/RR'),'Activo');
Insert into PROYECTO (PROYECTO_ID,NOMBRE_PROYECTO,PRESUPUESTO,FECHA_INICIO,FECHA_FIN,ESTADO) values (5,'Auditoría Calidad ISO9001',9800,to_date('10/05/24','DD/MM/RR'),to_date('10/06/24','DD/MM/RR'),'Activo');
Insert into PROYECTO (PROYECTO_ID,NOMBRE_PROYECTO,PRESUPUESTO,FECHA_INICIO,FECHA_FIN,ESTADO) values (6,'Migración Microservicios',45000,to_date('20/08/23','DD/MM/RR'),to_date('20/08/24','DD/MM/RR'),'Activo');
Insert into PROYECTO (PROYECTO_ID,NOMBRE_PROYECTO,PRESUPUESTO,FECHA_INICIO,FECHA_FIN,ESTADO) values (7,'Desarrollo App Móvil iOS',32000,to_date('01/11/23','DD/MM/RR'),to_date('30/05/24','DD/MM/RR'),'Activo');
Insert into PROYECTO (PROYECTO_ID,NOMBRE_PROYECTO,PRESUPUESTO,FECHA_INICIO,FECHA_FIN,ESTADO) values (8,'Optimización DB Oracle',15000,to_date('15/01/24','DD/MM/RR'),to_date('15/03/24','DD/MM/RR'),'Inactivo');
Insert into PROYECTO (PROYECTO_ID,NOMBRE_PROYECTO,PRESUPUESTO,FECHA_INICIO,FECHA_FIN,ESTADO) values (9,'Renovación Hardware DataCenter',60000,to_date('01/02/23','DD/MM/RR'),to_date('01/05/23','DD/MM/RR'),'Inactivo');
Insert into PROYECTO (PROYECTO_ID,NOMBRE_PROYECTO,PRESUPUESTO,FECHA_INICIO,FECHA_FIN,ESTADO) values (10,'Portal Empleado v2',25000,to_date('10/09/22','DD/MM/RR'),to_date('10/03/23','DD/MM/RR'),'Inactivo');
Insert into PROYECTO (PROYECTO_ID,NOMBRE_PROYECTO,PRESUPUESTO,FECHA_INICIO,FECHA_FIN,ESTADO) values (11,'Integración API Pagos',18500,to_date('01/04/24','DD/MM/RR'),to_date('01/07/24','DD/MM/RR'),'Activo');
Insert into PROYECTO (PROYECTO_ID,NOMBRE_PROYECTO,PRESUPUESTO,FECHA_INICIO,FECHA_FIN,ESTADO) values (12,'Migración Windows 11',12000,to_date('15/10/23','DD/MM/RR'),to_date('30/11/23','DD/MM/RR'),'Inactivo');
Insert into PROYECTO (PROYECTO_ID,NOMBRE_PROYECTO,PRESUPUESTO,FECHA_INICIO,FECHA_FIN,ESTADO) values (13,'Proyecto Data Analytics',55000,to_date('01/03/24','DD/MM/RR'),to_date('01/03/25','DD/MM/RR'),'Activo');
Insert into PROYECTO (PROYECTO_ID,NOMBRE_PROYECTO,PRESUPUESTO,FECHA_INICIO,FECHA_FIN,ESTADO) values (14,'Campaña Marketing Q4',20000,to_date('20/05/23','DD/MM/RR'),to_date('20/12/23','DD/MM/RR'),'Inactivo');
Insert into PROYECTO (PROYECTO_ID,NOMBRE_PROYECTO,PRESUPUESTO,FECHA_INICIO,FECHA_FIN,ESTADO) values (15,'Plan Recuperación Desastres',35000,to_date('01/06/24','DD/MM/RR'),to_date('01/12/24','DD/MM/RR'),'Activo');
REM INSERTING into PUESTO
SET DEFINE OFF;
Insert into PUESTO (PUESTO_ID,TITULO_PUESTO,SALARIO_MIN,SALARIO_MAX) values ('IT_PROG','Programador Junior',1200,2500);
Insert into PUESTO (PUESTO_ID,TITULO_PUESTO,SALARIO_MIN,SALARIO_MAX) values ('IT_SR_PR','Programador Senior',3000,5500);
Insert into PUESTO (PUESTO_ID,TITULO_PUESTO,SALARIO_MIN,SALARIO_MAX) values ('AD_ASST','Asistente Administrativo',800,1500);
Insert into PUESTO (PUESTO_ID,TITULO_PUESTO,SALARIO_MIN,SALARIO_MAX) values ('SA_REP','Representante de Ventas',1500,4000);
Insert into PUESTO (PUESTO_ID,TITULO_PUESTO,SALARIO_MIN,SALARIO_MAX) values ('FI_ACC','Contador',2000,3500);
Insert into PUESTO (PUESTO_ID,TITULO_PUESTO,SALARIO_MIN,SALARIO_MAX) values ('HR_REP','Representante RRHH',1500,2800);
Insert into PUESTO (PUESTO_ID,TITULO_PUESTO,SALARIO_MIN,SALARIO_MAX) values ('MK_MAN','Gerente de Marketing',3500,7000);
Insert into PUESTO (PUESTO_ID,TITULO_PUESTO,SALARIO_MIN,SALARIO_MAX) values ('IT_DIR','Director de IT',6000,12000);
Insert into PUESTO (PUESTO_ID,TITULO_PUESTO,SALARIO_MIN,SALARIO_MAX) values ('CEO','Director Ejecutivo',15000,30000);
Insert into PUESTO (PUESTO_ID,TITULO_PUESTO,SALARIO_MIN,SALARIO_MAX) values ('ST_CLRK','Auxiliar de Almacén',600,1000);
REM INSERTING into REGION
SET DEFINE OFF;
Insert into REGION (REGION_ID,NOMBRE_REGION) values (2,'América Central');
Insert into REGION (REGION_ID,NOMBRE_REGION) values (1,'América del Norte');
Insert into REGION (REGION_ID,NOMBRE_REGION) values (3,'América del Sur');
Insert into REGION (REGION_ID,NOMBRE_REGION) values (6,'Asia Oriental');
Insert into REGION (REGION_ID,NOMBRE_REGION) values (4,'Europa Occidental');
Insert into REGION (REGION_ID,NOMBRE_REGION) values (5,'Europa del Este');
Insert into REGION (REGION_ID,NOMBRE_REGION) values (7,'Medio Oriente');
Insert into REGION (REGION_ID,NOMBRE_REGION) values (9,'Oceanía');
Insert into REGION (REGION_ID,NOMBRE_REGION) values (10,'Sudeste Asiático');
Insert into REGION (REGION_ID,NOMBRE_REGION) values (8,'África');
--------------------------------------------------------
--  DDL for Index PK_ASIGNACION
--------------------------------------------------------

  CREATE UNIQUE INDEX "PK_ASIGNACION" ON "ASIGNACION" ("EMPLEADO_ID", "PROYECTO_ID") 
  PCTFREE 10 INITRANS 2 MAXTRANS 255 COMPUTE STATISTICS 
  STORAGE(INITIAL 65536 NEXT 1048576 MINEXTENTS 1 MAXEXTENTS 2147483645
  PCTINCREASE 0 FREELISTS 1 FREELIST GROUPS 1
  BUFFER_POOL DEFAULT FLASH_CACHE DEFAULT CELL_FLASH_CACHE DEFAULT)
  TABLESPACE "USERS" ;
--------------------------------------------------------
--  DDL for Index PK_HISTORIAL
--------------------------------------------------------

  CREATE UNIQUE INDEX "PK_HISTORIAL" ON "HISTORIAL_PUESTO" ("EMPLEADO_ID", "FECHA_INICIO") 
  PCTFREE 10 INITRANS 2 MAXTRANS 255 COMPUTE STATISTICS 
  STORAGE(INITIAL 65536 NEXT 1048576 MINEXTENTS 1 MAXEXTENTS 2147483645
  PCTINCREASE 0 FREELISTS 1 FREELIST GROUPS 1
  BUFFER_POOL DEFAULT FLASH_CACHE DEFAULT CELL_FLASH_CACHE DEFAULT)
  TABLESPACE "USERS" ;
--------------------------------------------------------
--  DDL for Index SYS_C008380
--------------------------------------------------------

  CREATE UNIQUE INDEX "SYS_C008380" ON "REGION" ("REGION_ID") 
  PCTFREE 10 INITRANS 2 MAXTRANS 255 COMPUTE STATISTICS 
  STORAGE(INITIAL 65536 NEXT 1048576 MINEXTENTS 1 MAXEXTENTS 2147483645
  PCTINCREASE 0 FREELISTS 1 FREELIST GROUPS 1
  BUFFER_POOL DEFAULT FLASH_CACHE DEFAULT CELL_FLASH_CACHE DEFAULT)
  TABLESPACE "USERS" ;
--------------------------------------------------------
--  DDL for Index SYS_C008381
--------------------------------------------------------

  CREATE UNIQUE INDEX "SYS_C008381" ON "REGION" ("NOMBRE_REGION") 
  PCTFREE 10 INITRANS 2 MAXTRANS 255 COMPUTE STATISTICS 
  STORAGE(INITIAL 65536 NEXT 1048576 MINEXTENTS 1 MAXEXTENTS 2147483645
  PCTINCREASE 0 FREELISTS 1 FREELIST GROUPS 1
  BUFFER_POOL DEFAULT FLASH_CACHE DEFAULT CELL_FLASH_CACHE DEFAULT)
  TABLESPACE "USERS" ;
--------------------------------------------------------
--  DDL for Index SYS_C008383
--------------------------------------------------------

  CREATE UNIQUE INDEX "SYS_C008383" ON "PAIS" ("PAIS_ID") 
  PCTFREE 10 INITRANS 2 MAXTRANS 255 COMPUTE STATISTICS 
  STORAGE(INITIAL 65536 NEXT 1048576 MINEXTENTS 1 MAXEXTENTS 2147483645
  PCTINCREASE 0 FREELISTS 1 FREELIST GROUPS 1
  BUFFER_POOL DEFAULT FLASH_CACHE DEFAULT CELL_FLASH_CACHE DEFAULT)
  TABLESPACE "USERS" ;
--------------------------------------------------------
--  DDL for Index SYS_C008386
--------------------------------------------------------

  CREATE UNIQUE INDEX "SYS_C008386" ON "LOCALIZACION" ("LOCALIZACION_ID") 
  PCTFREE 10 INITRANS 2 MAXTRANS 255 COMPUTE STATISTICS 
  STORAGE(INITIAL 65536 NEXT 1048576 MINEXTENTS 1 MAXEXTENTS 2147483645
  PCTINCREASE 0 FREELISTS 1 FREELIST GROUPS 1
  BUFFER_POOL DEFAULT FLASH_CACHE DEFAULT CELL_FLASH_CACHE DEFAULT)
  TABLESPACE "USERS" ;
--------------------------------------------------------
--  DDL for Index SYS_C008390
--------------------------------------------------------

  CREATE UNIQUE INDEX "SYS_C008390" ON "PUESTO" ("PUESTO_ID") 
  PCTFREE 10 INITRANS 2 MAXTRANS 255 COMPUTE STATISTICS 
  STORAGE(INITIAL 65536 NEXT 1048576 MINEXTENTS 1 MAXEXTENTS 2147483645
  PCTINCREASE 0 FREELISTS 1 FREELIST GROUPS 1
  BUFFER_POOL DEFAULT FLASH_CACHE DEFAULT CELL_FLASH_CACHE DEFAULT)
  TABLESPACE "USERS" ;
--------------------------------------------------------
--  DDL for Index SYS_C008393
--------------------------------------------------------

  CREATE UNIQUE INDEX "SYS_C008393" ON "DEPARTAMENTO" ("DEPARTAMENTO_ID") 
  PCTFREE 10 INITRANS 2 MAXTRANS 255 COMPUTE STATISTICS 
  STORAGE(INITIAL 65536 NEXT 1048576 MINEXTENTS 1 MAXEXTENTS 2147483645
  PCTINCREASE 0 FREELISTS 1 FREELIST GROUPS 1
  BUFFER_POOL DEFAULT FLASH_CACHE DEFAULT CELL_FLASH_CACHE DEFAULT)
  TABLESPACE "USERS" ;
--------------------------------------------------------
--  DDL for Index SYS_C008394
--------------------------------------------------------

  CREATE UNIQUE INDEX "SYS_C008394" ON "DEPARTAMENTO" ("NOMBRE_DEPARTAMENTO") 
  PCTFREE 10 INITRANS 2 MAXTRANS 255 COMPUTE STATISTICS 
  STORAGE(INITIAL 65536 NEXT 1048576 MINEXTENTS 1 MAXEXTENTS 2147483645
  PCTINCREASE 0 FREELISTS 1 FREELIST GROUPS 1
  BUFFER_POOL DEFAULT FLASH_CACHE DEFAULT CELL_FLASH_CACHE DEFAULT)
  TABLESPACE "USERS" ;
--------------------------------------------------------
--  DDL for Index SYS_C008403
--------------------------------------------------------

  CREATE UNIQUE INDEX "SYS_C008403" ON "EMPLEADO" ("EMPLEADO_ID") 
  PCTFREE 10 INITRANS 2 MAXTRANS 255 COMPUTE STATISTICS 
  STORAGE(INITIAL 65536 NEXT 1048576 MINEXTENTS 1 MAXEXTENTS 2147483645
  PCTINCREASE 0 FREELISTS 1 FREELIST GROUPS 1
  BUFFER_POOL DEFAULT FLASH_CACHE DEFAULT CELL_FLASH_CACHE DEFAULT)
  TABLESPACE "USERS" ;
--------------------------------------------------------
--  DDL for Index SYS_C008404
--------------------------------------------------------

  CREATE UNIQUE INDEX "SYS_C008404" ON "EMPLEADO" ("EMAIL") 
  PCTFREE 10 INITRANS 2 MAXTRANS 255 COMPUTE STATISTICS 
  STORAGE(INITIAL 65536 NEXT 1048576 MINEXTENTS 1 MAXEXTENTS 2147483645
  PCTINCREASE 0 FREELISTS 1 FREELIST GROUPS 1
  BUFFER_POOL DEFAULT FLASH_CACHE DEFAULT CELL_FLASH_CACHE DEFAULT)
  TABLESPACE "USERS" ;
--------------------------------------------------------
--  DDL for Index SYS_C008422
--------------------------------------------------------

  CREATE UNIQUE INDEX "SYS_C008422" ON "PROYECTO" ("PROYECTO_ID") 
  PCTFREE 10 INITRANS 2 MAXTRANS 255 COMPUTE STATISTICS 
  STORAGE(INITIAL 65536 NEXT 1048576 MINEXTENTS 1 MAXEXTENTS 2147483645
  PCTINCREASE 0 FREELISTS 1 FREELIST GROUPS 1
  BUFFER_POOL DEFAULT FLASH_CACHE DEFAULT CELL_FLASH_CACHE DEFAULT)
  TABLESPACE "USERS" ;
--------------------------------------------------------
--  DDL for Index SYS_C008423
--------------------------------------------------------

  CREATE UNIQUE INDEX "SYS_C008423" ON "PROYECTO" ("NOMBRE_PROYECTO") 
  PCTFREE 10 INITRANS 2 MAXTRANS 255 COMPUTE STATISTICS 
  STORAGE(INITIAL 65536 NEXT 1048576 MINEXTENTS 1 MAXEXTENTS 2147483645
  PCTINCREASE 0 FREELISTS 1 FREELIST GROUPS 1
  BUFFER_POOL DEFAULT FLASH_CACHE DEFAULT CELL_FLASH_CACHE DEFAULT)
  TABLESPACE "USERS" ;
--------------------------------------------------------
--  DDL for Index SYS_C008429
--------------------------------------------------------

  CREATE UNIQUE INDEX "SYS_C008429" ON "LOG_ERRORES" ("ID_LOG") 
  PCTFREE 10 INITRANS 2 MAXTRANS 255 COMPUTE STATISTICS 
  TABLESPACE "USERS" ;
--------------------------------------------------------
--  DDL for Index SYS_C008431
--------------------------------------------------------

  CREATE UNIQUE INDEX "SYS_C008431" ON "AUDITORIA_EMPLEADOS" ("ID_AUDITORIA") 
  PCTFREE 10 INITRANS 2 MAXTRANS 255 COMPUTE STATISTICS 
  TABLESPACE "USERS" ;
--------------------------------------------------------
--  DDL for Index PK_ASIGNACION
--------------------------------------------------------

  CREATE UNIQUE INDEX "PK_ASIGNACION" ON "ASIGNACION" ("EMPLEADO_ID", "PROYECTO_ID") 
  PCTFREE 10 INITRANS 2 MAXTRANS 255 COMPUTE STATISTICS 
  STORAGE(INITIAL 65536 NEXT 1048576 MINEXTENTS 1 MAXEXTENTS 2147483645
  PCTINCREASE 0 FREELISTS 1 FREELIST GROUPS 1
  BUFFER_POOL DEFAULT FLASH_CACHE DEFAULT CELL_FLASH_CACHE DEFAULT)
  TABLESPACE "USERS" ;
--------------------------------------------------------
--  DDL for Index SYS_C008431
--------------------------------------------------------

  CREATE UNIQUE INDEX "SYS_C008431" ON "AUDITORIA_EMPLEADOS" ("ID_AUDITORIA") 
  PCTFREE 10 INITRANS 2 MAXTRANS 255 COMPUTE STATISTICS 
  TABLESPACE "USERS" ;
--------------------------------------------------------
--  DDL for Index SYS_C008393
--------------------------------------------------------

  CREATE UNIQUE INDEX "SYS_C008393" ON "DEPARTAMENTO" ("DEPARTAMENTO_ID") 
  PCTFREE 10 INITRANS 2 MAXTRANS 255 COMPUTE STATISTICS 
  STORAGE(INITIAL 65536 NEXT 1048576 MINEXTENTS 1 MAXEXTENTS 2147483645
  PCTINCREASE 0 FREELISTS 1 FREELIST GROUPS 1
  BUFFER_POOL DEFAULT FLASH_CACHE DEFAULT CELL_FLASH_CACHE DEFAULT)
  TABLESPACE "USERS" ;
--------------------------------------------------------
--  DDL for Index SYS_C008394
--------------------------------------------------------

  CREATE UNIQUE INDEX "SYS_C008394" ON "DEPARTAMENTO" ("NOMBRE_DEPARTAMENTO") 
  PCTFREE 10 INITRANS 2 MAXTRANS 255 COMPUTE STATISTICS 
  STORAGE(INITIAL 65536 NEXT 1048576 MINEXTENTS 1 MAXEXTENTS 2147483645
  PCTINCREASE 0 FREELISTS 1 FREELIST GROUPS 1
  BUFFER_POOL DEFAULT FLASH_CACHE DEFAULT CELL_FLASH_CACHE DEFAULT)
  TABLESPACE "USERS" ;
--------------------------------------------------------
--  DDL for Index SYS_C008403
--------------------------------------------------------

  CREATE UNIQUE INDEX "SYS_C008403" ON "EMPLEADO" ("EMPLEADO_ID") 
  PCTFREE 10 INITRANS 2 MAXTRANS 255 COMPUTE STATISTICS 
  STORAGE(INITIAL 65536 NEXT 1048576 MINEXTENTS 1 MAXEXTENTS 2147483645
  PCTINCREASE 0 FREELISTS 1 FREELIST GROUPS 1
  BUFFER_POOL DEFAULT FLASH_CACHE DEFAULT CELL_FLASH_CACHE DEFAULT)
  TABLESPACE "USERS" ;
--------------------------------------------------------
--  DDL for Index SYS_C008404
--------------------------------------------------------

  CREATE UNIQUE INDEX "SYS_C008404" ON "EMPLEADO" ("EMAIL") 
  PCTFREE 10 INITRANS 2 MAXTRANS 255 COMPUTE STATISTICS 
  STORAGE(INITIAL 65536 NEXT 1048576 MINEXTENTS 1 MAXEXTENTS 2147483645
  PCTINCREASE 0 FREELISTS 1 FREELIST GROUPS 1
  BUFFER_POOL DEFAULT FLASH_CACHE DEFAULT CELL_FLASH_CACHE DEFAULT)
  TABLESPACE "USERS" ;
--------------------------------------------------------
--  DDL for Index PK_HISTORIAL
--------------------------------------------------------

  CREATE UNIQUE INDEX "PK_HISTORIAL" ON "HISTORIAL_PUESTO" ("EMPLEADO_ID", "FECHA_INICIO") 
  PCTFREE 10 INITRANS 2 MAXTRANS 255 COMPUTE STATISTICS 
  STORAGE(INITIAL 65536 NEXT 1048576 MINEXTENTS 1 MAXEXTENTS 2147483645
  PCTINCREASE 0 FREELISTS 1 FREELIST GROUPS 1
  BUFFER_POOL DEFAULT FLASH_CACHE DEFAULT CELL_FLASH_CACHE DEFAULT)
  TABLESPACE "USERS" ;
--------------------------------------------------------
--  DDL for Index SYS_C008386
--------------------------------------------------------

  CREATE UNIQUE INDEX "SYS_C008386" ON "LOCALIZACION" ("LOCALIZACION_ID") 
  PCTFREE 10 INITRANS 2 MAXTRANS 255 COMPUTE STATISTICS 
  STORAGE(INITIAL 65536 NEXT 1048576 MINEXTENTS 1 MAXEXTENTS 2147483645
  PCTINCREASE 0 FREELISTS 1 FREELIST GROUPS 1
  BUFFER_POOL DEFAULT FLASH_CACHE DEFAULT CELL_FLASH_CACHE DEFAULT)
  TABLESPACE "USERS" ;
--------------------------------------------------------
--  DDL for Index SYS_C008429
--------------------------------------------------------

  CREATE UNIQUE INDEX "SYS_C008429" ON "LOG_ERRORES" ("ID_LOG") 
  PCTFREE 10 INITRANS 2 MAXTRANS 255 COMPUTE STATISTICS 
  TABLESPACE "USERS" ;
--------------------------------------------------------
--  DDL for Index SYS_C008383
--------------------------------------------------------

  CREATE UNIQUE INDEX "SYS_C008383" ON "PAIS" ("PAIS_ID") 
  PCTFREE 10 INITRANS 2 MAXTRANS 255 COMPUTE STATISTICS 
  STORAGE(INITIAL 65536 NEXT 1048576 MINEXTENTS 1 MAXEXTENTS 2147483645
  PCTINCREASE 0 FREELISTS 1 FREELIST GROUPS 1
  BUFFER_POOL DEFAULT FLASH_CACHE DEFAULT CELL_FLASH_CACHE DEFAULT)
  TABLESPACE "USERS" ;
--------------------------------------------------------
--  DDL for Index SYS_C008422
--------------------------------------------------------

  CREATE UNIQUE INDEX "SYS_C008422" ON "PROYECTO" ("PROYECTO_ID") 
  PCTFREE 10 INITRANS 2 MAXTRANS 255 COMPUTE STATISTICS 
  STORAGE(INITIAL 65536 NEXT 1048576 MINEXTENTS 1 MAXEXTENTS 2147483645
  PCTINCREASE 0 FREELISTS 1 FREELIST GROUPS 1
  BUFFER_POOL DEFAULT FLASH_CACHE DEFAULT CELL_FLASH_CACHE DEFAULT)
  TABLESPACE "USERS" ;
--------------------------------------------------------
--  DDL for Index SYS_C008423
--------------------------------------------------------

  CREATE UNIQUE INDEX "SYS_C008423" ON "PROYECTO" ("NOMBRE_PROYECTO") 
  PCTFREE 10 INITRANS 2 MAXTRANS 255 COMPUTE STATISTICS 
  STORAGE(INITIAL 65536 NEXT 1048576 MINEXTENTS 1 MAXEXTENTS 2147483645
  PCTINCREASE 0 FREELISTS 1 FREELIST GROUPS 1
  BUFFER_POOL DEFAULT FLASH_CACHE DEFAULT CELL_FLASH_CACHE DEFAULT)
  TABLESPACE "USERS" ;
--------------------------------------------------------
--  DDL for Index SYS_C008390
--------------------------------------------------------

  CREATE UNIQUE INDEX "SYS_C008390" ON "PUESTO" ("PUESTO_ID") 
  PCTFREE 10 INITRANS 2 MAXTRANS 255 COMPUTE STATISTICS 
  STORAGE(INITIAL 65536 NEXT 1048576 MINEXTENTS 1 MAXEXTENTS 2147483645
  PCTINCREASE 0 FREELISTS 1 FREELIST GROUPS 1
  BUFFER_POOL DEFAULT FLASH_CACHE DEFAULT CELL_FLASH_CACHE DEFAULT)
  TABLESPACE "USERS" ;
--------------------------------------------------------
--  DDL for Index SYS_C008380
--------------------------------------------------------

  CREATE UNIQUE INDEX "SYS_C008380" ON "REGION" ("REGION_ID") 
  PCTFREE 10 INITRANS 2 MAXTRANS 255 COMPUTE STATISTICS 
  STORAGE(INITIAL 65536 NEXT 1048576 MINEXTENTS 1 MAXEXTENTS 2147483645
  PCTINCREASE 0 FREELISTS 1 FREELIST GROUPS 1
  BUFFER_POOL DEFAULT FLASH_CACHE DEFAULT CELL_FLASH_CACHE DEFAULT)
  TABLESPACE "USERS" ;
--------------------------------------------------------
--  DDL for Index SYS_C008381
--------------------------------------------------------

  CREATE UNIQUE INDEX "SYS_C008381" ON "REGION" ("NOMBRE_REGION") 
  PCTFREE 10 INITRANS 2 MAXTRANS 255 COMPUTE STATISTICS 
  STORAGE(INITIAL 65536 NEXT 1048576 MINEXTENTS 1 MAXEXTENTS 2147483645
  PCTINCREASE 0 FREELISTS 1 FREELIST GROUPS 1
  BUFFER_POOL DEFAULT FLASH_CACHE DEFAULT CELL_FLASH_CACHE DEFAULT)
  TABLESPACE "USERS" ;
--------------------------------------------------------
--  DDL for Trigger T1_AUDITORIA_EMPLEADO
--------------------------------------------------------

  CREATE OR REPLACE EDITIONABLE TRIGGER "T1_AUDITORIA_EMPLEADO" 
AFTER INSERT OR UPDATE ON Empleado
FOR EACH ROW
DECLARE
    v_accion VARCHAR2(20);
BEGIN
    IF INSERTING THEN v_accion := 'INSERT'; ELSE v_accion := 'UPDATE'; END IF;

    INSERT INTO AUDITORIA_EMPLEADOS (
        usuario, fecha_hora, accion, empleado_id, 
        salario_anterior, salario_nuevo, puesto_anterior, puesto_nuevo
    ) VALUES (
        USER, SYSDATE, v_accion, :NEW.empleado_id,
        :OLD.salario, :NEW.salario, :OLD.puesto_id, :NEW.puesto_id
    );
END;

/
ALTER TRIGGER "T1_AUDITORIA_EMPLEADO" ENABLE;
--------------------------------------------------------
--  DDL for Trigger T2_INTEGRIDAD_HORAS
--------------------------------------------------------

  CREATE OR REPLACE EDITIONABLE TRIGGER "T2_INTEGRIDAD_HORAS" 
BEFORE INSERT OR UPDATE ON Asignacion
FOR EACH ROW
DECLARE
    v_horas_totales NUMBER(5,2) := 0;
BEGIN
    SELECT NVL(SUM(horas_asignadas), 0) INTO v_horas_totales
    FROM Asignacion
    WHERE empleado_id = :NEW.empleado_id AND proyecto_id <> NVL(:OLD.proyecto_id, -1);

    IF (v_horas_totales + :NEW.horas_asignadas) > 40.00 THEN
        RAISE_APPLICATION_ERROR(-20010, 'Regla de negocio: El empleado excede las 40 horas máximas permitidas por semana.');
    END IF;
END;

/
ALTER TRIGGER "T2_INTEGRIDAD_HORAS" ENABLE;
--------------------------------------------------------
--  DDL for Trigger T2_INTEGRIDAD_HORAS
--------------------------------------------------------

  CREATE OR REPLACE EDITIONABLE TRIGGER "T2_INTEGRIDAD_HORAS" 
BEFORE INSERT OR UPDATE ON Asignacion
FOR EACH ROW
DECLARE
    v_horas_totales NUMBER(5,2) := 0;
BEGIN
    SELECT NVL(SUM(horas_asignadas), 0) INTO v_horas_totales
    FROM Asignacion
    WHERE empleado_id = :NEW.empleado_id AND proyecto_id <> NVL(:OLD.proyecto_id, -1);

    IF (v_horas_totales + :NEW.horas_asignadas) > 40.00 THEN
        RAISE_APPLICATION_ERROR(-20010, 'Regla de negocio: El empleado excede las 40 horas máximas permitidas por semana.');
    END IF;
END;

/
ALTER TRIGGER "T2_INTEGRIDAD_HORAS" ENABLE;
--------------------------------------------------------
--  DDL for Trigger T1_AUDITORIA_EMPLEADO
--------------------------------------------------------

  CREATE OR REPLACE EDITIONABLE TRIGGER "T1_AUDITORIA_EMPLEADO" 
AFTER INSERT OR UPDATE ON Empleado
FOR EACH ROW
DECLARE
    v_accion VARCHAR2(20);
BEGIN
    IF INSERTING THEN v_accion := 'INSERT'; ELSE v_accion := 'UPDATE'; END IF;

    INSERT INTO AUDITORIA_EMPLEADOS (
        usuario, fecha_hora, accion, empleado_id, 
        salario_anterior, salario_nuevo, puesto_anterior, puesto_nuevo
    ) VALUES (
        USER, SYSDATE, v_accion, :NEW.empleado_id,
        :OLD.salario, :NEW.salario, :OLD.puesto_id, :NEW.puesto_id
    );
END;

/
ALTER TRIGGER "T1_AUDITORIA_EMPLEADO" ENABLE;
--------------------------------------------------------
--  DDL for Procedure SP_ALERTAS_NEGOCIO
--------------------------------------------------------
set define off;

  CREATE OR REPLACE EDITIONABLE PROCEDURE "SP_ALERTAS_NEGOCIO" AS
    v_alertas NUMBER := 0;
BEGIN
    DBMS_OUTPUT.PUT_LINE('=== KPI P4: ALERTAS OPERATIVAS Y ESTADOS CRÍTICOS ===');

    -- Alerta 1: Desajustes de umbrales salariales
    FOR r_emp IN (
        SELECT e.nombre || ' ' || e.apellido AS emp, e.salario, p.titulo_puesto, p.salario_max
        FROM adminProyecto.Empleado e JOIN adminProyecto.Puesto p ON e.puesto_id = p.puesto_id
        WHERE e.salario > p.salario_max
    ) LOOP
        DBMS_OUTPUT.PUT_LINE('[CRÍTICO - SALARIO] ' || r_emp.emp || ' gana $' || r_emp.salario || ' superando el máximo de ' || r_emp.titulo_puesto || ' ($' || r_emp.salario_max || ')');
        v_alertas := v_alertas + 1;
    END LOOP;

    -- Alerta 2: Proyectos con vencimiento superado e incumplido
    FOR r_proy IN (
        SELECT nombre_proyecto, fecha_fin FROM Proyecto 
        WHERE estado = 'Activo' AND fecha_fin < SYSDATE
    ) LOOP
        DBMS_OUTPUT.PUT_LINE('[CRÍTICO - VENCIMIENTO] Proyecto "' || r_proy.nombre_proyecto || '" sigue Activo a pesar de haber vencido el ' || TO_CHAR(r_proy.fecha_fin, 'DD/MM/YYYY'));
        v_alertas := v_alertas + 1;
    END LOOP;

    IF v_alertas = 0 THEN
        DBMS_OUTPUT.PUT_LINE('Sistema operando bajo condiciones óptimas. Cero estados críticos.');
    END IF;

    COMMIT;
EXCEPTION
    WHEN OTHERS THEN
        ROLLBACK;
        sp_registrar_log(SQLCODE, 'Error en sp_alertas_negocio: ' || SQLERRM);
        RAISE_APPLICATION_ERROR(-20099, 'Error crítico inesperado. Revisar LOG_ERRORES.');
END;

/

  GRANT EXECUTE ON "SP_ALERTAS_NEGOCIO" TO "USR_ADMIN";
--------------------------------------------------------
--  DDL for Procedure SP_INDICADORES_CATEGORIA
--------------------------------------------------------
set define off;

  CREATE OR REPLACE EDITIONABLE PROCEDURE "SP_INDICADORES_CATEGORIA" AS
    v_activos NUMBER := 0; v_inactivos NUMBER := 0;
    v_monto_activos NUMBER(12,2) := 0; v_monto_inactivos NUMBER(12,2) := 0;
    v_variacion_pct NUMBER(5,2) := 0;
BEGIN
    SELECT COUNT(*), NVL(SUM(presupuesto), 0) INTO v_activos, v_monto_activos FROM adminProyecto.Proyecto WHERE estado = 'Activo';
    SELECT COUNT(*), NVL(SUM(presupuesto), 0) INTO v_inactivos, v_monto_inactivos FROM adminProyecto.Proyecto WHERE estado = 'Inactivo';

    IF v_monto_inactivos > 0 THEN
        v_variacion_pct := ((v_monto_activos - v_monto_inactivos) / v_monto_inactivos) * 100;
    ELSE
        v_variacion_pct := 100.00; -- Crecimiento neto absoluto si el histórico inactivo es cero
    END IF;

    DBMS_OUTPUT.PUT_LINE('=== KPI P3: COMPARATIVO Y CRECIMIENTO POR CATEGORÍA ===');
    DBMS_OUTPUT.PUT_LINE('Proyectos Activos   : ' || v_activos || ' | Presupuesto: $' || TO_CHAR(v_monto_activos, '999,999,990.00'));
    DBMS_OUTPUT.PUT_LINE('Proyectos Inactivos : ' || v_inactivos || ' | Presupuesto: $' || TO_CHAR(v_monto_inactivos, '999,999,990.00'));
    DBMS_OUTPUT.PUT_LINE('Variación Porcentual de Capital Activo vs Inactivo: ' || v_variacion_pct || '%');

    COMMIT;
EXCEPTION
    WHEN OTHERS THEN
        ROLLBACK;
        sp_registrar_log(SQLCODE, 'Error en sp_indicadores_categoria: ' || SQLERRM);
        RAISE_APPLICATION_ERROR(-20099, 'Error crítico inesperado. Revisar LOG_ERRORES.');
END;

/

  GRANT EXECUTE ON "SP_INDICADORES_CATEGORIA" TO "USR_ADMIN";
--------------------------------------------------------
--  DDL for Procedure SP_REGISTRAR_LOG
--------------------------------------------------------
set define off;

  CREATE OR REPLACE EDITIONABLE PROCEDURE "SP_REGISTRAR_LOG" (
    p_codigo IN NUMBER,
    p_mensaje IN VARCHAR2
) AS
    PRAGMA AUTONOMOUS_TRANSACTION;
BEGIN
    INSERT INTO LOG_ERRORES (codigo_error, mensaje_error)
    VALUES (p_codigo, p_mensaje);
    COMMIT;
END;

/
--------------------------------------------------------
--  DDL for Procedure SP_RESUMEN_PERIODO
--------------------------------------------------------
set define off;

  CREATE OR REPLACE EDITIONABLE PROCEDURE "SP_RESUMEN_PERIODO" (
    p_fecha_inicio IN DATE,
    p_fecha_fin IN DATE
) AS
    v_volumen       NUMBER := 0;
    v_monto_total   NUMBER(12,2) := 0;
    v_promedio      NUMBER(12,2) := 0;
BEGIN
    -- Error personalizado
    IF p_fecha_inicio > p_fecha_fin THEN
        RAISE_APPLICATION_ERROR(-20005, 'Error: La fecha de inicio no puede ser posterior a la fecha fin.');
    END IF;

    SELECT COUNT(*), NVL(SUM(presupuesto), 0), NVL(AVG(presupuesto), 0)
    INTO v_volumen, v_monto_total, v_promedio
    FROM adminproyecto.Proyecto
    WHERE fecha_inicio BETWEEN p_fecha_inicio AND p_fecha_fin;

    -- Forzar excepción predefinida si no hay registros
    IF v_volumen = 0 THEN
        RAISE NO_DATA_FOUND;
    END IF;

    DBMS_OUTPUT.PUT_LINE('=== KPI P1: RESUMEN DE PROYECTOS EN EL PERIODO ===');
    DBMS_OUTPUT.PUT_LINE('Volumen de operaciones : ' || v_volumen || ' proyecto(s)');
    DBMS_OUTPUT.PUT_LINE('Monto total invertido  : $' || TO_CHAR(v_monto_total, '999,999,990.00'));
    DBMS_OUTPUT.PUT_LINE('Promedio por operación : $' || TO_CHAR(v_promedio, '999,999,990.00'));

    COMMIT; -- Control explícito de transacciones
EXCEPTION
    WHEN NO_DATA_FOUND THEN
        ROLLBACK;
        RAISE_APPLICATION_ERROR(-20001, 'No se encontraron proyectos en el período especificado.');
    WHEN TOO_MANY_ROWS THEN
        ROLLBACK;
        RAISE_APPLICATION_ERROR(-20002, 'Error crítico: La consulta devolvió demasiadas filas.');
    WHEN OTHERS THEN
        ROLLBACK;
        sp_registrar_log(SQLCODE, 'Error en sp_resumen_periodo: ' || SQLERRM);
        RAISE_APPLICATION_ERROR(-20099, 'Error crítico inesperado. Revisar LOG_ERRORES.');
END;

/

  GRANT EXECUTE ON "SP_RESUMEN_PERIODO" TO "USR_ADMIN";
--------------------------------------------------------
--  DDL for Procedure SP_TOP_ELEMENTOS
--------------------------------------------------------
set define off;

  CREATE OR REPLACE EDITIONABLE PROCEDURE "SP_TOP_ELEMENTOS" (
    p_top_n IN NUMBER
) AS
    -- REQUISITO: Cursor explícito para procesar fila por fila
    CURSOR c_top_empleados IS
        SELECT e.empleado_id, e.nombre || ' ' || e.apellido AS nombre_completo, SUM(a.horas_asignadas) AS total_horas
        FROM adminproyecto.Empleado e
        JOIN adminproyecto.Asignacion a ON e.empleado_id = a.empleado_id
        GROUP BY e.empleado_id, e.nombre, e.apellido
        ORDER BY total_horas DESC;

    v_reg c_top_empleados%ROWTYPE;
    v_contador NUMBER := 0;
BEGIN
    IF p_top_n <= 0 THEN
        RAISE_APPLICATION_ERROR(-20006, 'Error: El parámetro N debe ser un número entero positivo.');
    END IF;

    DBMS_OUTPUT.PUT_LINE('=== KPI P2: RANKING TOP ' || p_top_n || ' EMPLEADOS CON MÁS HORAS ===');

    OPEN c_top_empleados;
    LOOP
        FETCH c_top_empleados INTO v_reg;
        EXIT WHEN c_top_empleados%NOTFOUND OR v_contador >= p_top_n;

        v_contador := v_contador + 1;
        DBMS_OUTPUT.PUT_LINE(v_contador || '. ID: ' || v_reg.empleado_id || ' | ' || v_reg.nombre_completo || ' | Horas: ' || v_reg.total_horas);
    END LOOP;
    CLOSE c_top_empleados;

    IF v_contador = 0 THEN
        RAISE NO_DATA_FOUND;
    END IF;

    COMMIT;
EXCEPTION
    WHEN NO_DATA_FOUND THEN
        ROLLBACK;
        RAISE_APPLICATION_ERROR(-20001, 'No existen asignaciones de horas registradas en el sistema.');
    WHEN OTHERS THEN
        IF c_top_empleados%ISOPEN THEN CLOSE c_top_empleados; END IF;
        ROLLBACK;
        sp_registrar_log(SQLCODE, 'Error en sp_top_elementos: ' || SQLERRM);
        RAISE_APPLICATION_ERROR(-20099, 'Error crítico inesperado. Revisar LOG_ERRORES.');
END;

/

  GRANT EXECUTE ON "SP_TOP_ELEMENTOS" TO "USR_ADMIN";
--------------------------------------------------------
--  Constraints for Table ASIGNACION
--------------------------------------------------------

  ALTER TABLE "ASIGNACION" ADD CONSTRAINT "PK_ASIGNACION" PRIMARY KEY ("EMPLEADO_ID", "PROYECTO_ID")
  USING INDEX PCTFREE 10 INITRANS 2 MAXTRANS 255 COMPUTE STATISTICS 
  STORAGE(INITIAL 65536 NEXT 1048576 MINEXTENTS 1 MAXEXTENTS 2147483645
  PCTINCREASE 0 FREELISTS 1 FREELIST GROUPS 1
  BUFFER_POOL DEFAULT FLASH_CACHE DEFAULT CELL_FLASH_CACHE DEFAULT)
  TABLESPACE "USERS"  ENABLE;
--------------------------------------------------------
--  Constraints for Table AUDITORIA_EMPLEADOS
--------------------------------------------------------

  ALTER TABLE "AUDITORIA_EMPLEADOS" MODIFY ("ID_AUDITORIA" NOT NULL ENABLE);
  ALTER TABLE "AUDITORIA_EMPLEADOS" ADD PRIMARY KEY ("ID_AUDITORIA")
  USING INDEX PCTFREE 10 INITRANS 2 MAXTRANS 255 COMPUTE STATISTICS 
  TABLESPACE "USERS"  ENABLE;
--------------------------------------------------------
--  Constraints for Table DEPARTAMENTO
--------------------------------------------------------

  ALTER TABLE "DEPARTAMENTO" MODIFY ("DEPARTAMENTO_ID" NOT NULL ENABLE);
  ALTER TABLE "DEPARTAMENTO" MODIFY ("NOMBRE_DEPARTAMENTO" NOT NULL ENABLE);
  ALTER TABLE "DEPARTAMENTO" ADD PRIMARY KEY ("DEPARTAMENTO_ID")
  USING INDEX PCTFREE 10 INITRANS 2 MAXTRANS 255 COMPUTE STATISTICS 
  STORAGE(INITIAL 65536 NEXT 1048576 MINEXTENTS 1 MAXEXTENTS 2147483645
  PCTINCREASE 0 FREELISTS 1 FREELIST GROUPS 1
  BUFFER_POOL DEFAULT FLASH_CACHE DEFAULT CELL_FLASH_CACHE DEFAULT)
  TABLESPACE "USERS"  ENABLE;
  ALTER TABLE "DEPARTAMENTO" ADD UNIQUE ("NOMBRE_DEPARTAMENTO")
  USING INDEX PCTFREE 10 INITRANS 2 MAXTRANS 255 COMPUTE STATISTICS 
  STORAGE(INITIAL 65536 NEXT 1048576 MINEXTENTS 1 MAXEXTENTS 2147483645
  PCTINCREASE 0 FREELISTS 1 FREELIST GROUPS 1
  BUFFER_POOL DEFAULT FLASH_CACHE DEFAULT CELL_FLASH_CACHE DEFAULT)
  TABLESPACE "USERS"  ENABLE;
--------------------------------------------------------
--  Constraints for Table EMPLEADO
--------------------------------------------------------

  ALTER TABLE "EMPLEADO" MODIFY ("EMPLEADO_ID" NOT NULL ENABLE);
  ALTER TABLE "EMPLEADO" MODIFY ("NOMBRE" NOT NULL ENABLE);
  ALTER TABLE "EMPLEADO" MODIFY ("APELLIDO" NOT NULL ENABLE);
  ALTER TABLE "EMPLEADO" MODIFY ("EMAIL" NOT NULL ENABLE);
  ALTER TABLE "EMPLEADO" MODIFY ("FECHA_CONTRATACION" NOT NULL ENABLE);
  ALTER TABLE "EMPLEADO" MODIFY ("SALARIO" NOT NULL ENABLE);
  ALTER TABLE "EMPLEADO" ADD CONSTRAINT "EMP_SALARIO_CHECK" CHECK (salario > 0) ENABLE;
  ALTER TABLE "EMPLEADO" ADD PRIMARY KEY ("EMPLEADO_ID")
  USING INDEX PCTFREE 10 INITRANS 2 MAXTRANS 255 COMPUTE STATISTICS 
  STORAGE(INITIAL 65536 NEXT 1048576 MINEXTENTS 1 MAXEXTENTS 2147483645
  PCTINCREASE 0 FREELISTS 1 FREELIST GROUPS 1
  BUFFER_POOL DEFAULT FLASH_CACHE DEFAULT CELL_FLASH_CACHE DEFAULT)
  TABLESPACE "USERS"  ENABLE;
  ALTER TABLE "EMPLEADO" ADD UNIQUE ("EMAIL")
  USING INDEX PCTFREE 10 INITRANS 2 MAXTRANS 255 COMPUTE STATISTICS 
  STORAGE(INITIAL 65536 NEXT 1048576 MINEXTENTS 1 MAXEXTENTS 2147483645
  PCTINCREASE 0 FREELISTS 1 FREELIST GROUPS 1
  BUFFER_POOL DEFAULT FLASH_CACHE DEFAULT CELL_FLASH_CACHE DEFAULT)
  TABLESPACE "USERS"  ENABLE;
--------------------------------------------------------
--  Constraints for Table HISTORIAL_PUESTO
--------------------------------------------------------

  ALTER TABLE "HISTORIAL_PUESTO" MODIFY ("FECHA_INICIO" NOT NULL ENABLE);
  ALTER TABLE "HISTORIAL_PUESTO" MODIFY ("FECHA_FIN" NOT NULL ENABLE);
  ALTER TABLE "HISTORIAL_PUESTO" ADD CONSTRAINT "PK_HISTORIAL" PRIMARY KEY ("EMPLEADO_ID", "FECHA_INICIO")
  USING INDEX PCTFREE 10 INITRANS 2 MAXTRANS 255 COMPUTE STATISTICS 
  STORAGE(INITIAL 65536 NEXT 1048576 MINEXTENTS 1 MAXEXTENTS 2147483645
  PCTINCREASE 0 FREELISTS 1 FREELIST GROUPS 1
  BUFFER_POOL DEFAULT FLASH_CACHE DEFAULT CELL_FLASH_CACHE DEFAULT)
  TABLESPACE "USERS"  ENABLE;
--------------------------------------------------------
--  Constraints for Table LOCALIZACION
--------------------------------------------------------

  ALTER TABLE "LOCALIZACION" MODIFY ("LOCALIZACION_ID" NOT NULL ENABLE);
  ALTER TABLE "LOCALIZACION" ADD PRIMARY KEY ("LOCALIZACION_ID")
  USING INDEX PCTFREE 10 INITRANS 2 MAXTRANS 255 COMPUTE STATISTICS 
  STORAGE(INITIAL 65536 NEXT 1048576 MINEXTENTS 1 MAXEXTENTS 2147483645
  PCTINCREASE 0 FREELISTS 1 FREELIST GROUPS 1
  BUFFER_POOL DEFAULT FLASH_CACHE DEFAULT CELL_FLASH_CACHE DEFAULT)
  TABLESPACE "USERS"  ENABLE;
--------------------------------------------------------
--  Constraints for Table LOG_ERRORES
--------------------------------------------------------

  ALTER TABLE "LOG_ERRORES" MODIFY ("ID_LOG" NOT NULL ENABLE);
  ALTER TABLE "LOG_ERRORES" ADD PRIMARY KEY ("ID_LOG")
  USING INDEX PCTFREE 10 INITRANS 2 MAXTRANS 255 COMPUTE STATISTICS 
  TABLESPACE "USERS"  ENABLE;
--------------------------------------------------------
--  Constraints for Table PAIS
--------------------------------------------------------

  ALTER TABLE "PAIS" MODIFY ("NOMBRE_PAIS" NOT NULL ENABLE);
  ALTER TABLE "PAIS" ADD PRIMARY KEY ("PAIS_ID")
  USING INDEX PCTFREE 10 INITRANS 2 MAXTRANS 255 COMPUTE STATISTICS 
  STORAGE(INITIAL 65536 NEXT 1048576 MINEXTENTS 1 MAXEXTENTS 2147483645
  PCTINCREASE 0 FREELISTS 1 FREELIST GROUPS 1
  BUFFER_POOL DEFAULT FLASH_CACHE DEFAULT CELL_FLASH_CACHE DEFAULT)
  TABLESPACE "USERS"  ENABLE;
--------------------------------------------------------
--  Constraints for Table PROYECTO
--------------------------------------------------------

  ALTER TABLE "PROYECTO" MODIFY ("PROYECTO_ID" NOT NULL ENABLE);
  ALTER TABLE "PROYECTO" MODIFY ("NOMBRE_PROYECTO" NOT NULL ENABLE);
  ALTER TABLE "PROYECTO" MODIFY ("PRESUPUESTO" NOT NULL ENABLE);
  ALTER TABLE "PROYECTO" MODIFY ("FECHA_INICIO" NOT NULL ENABLE);
  ALTER TABLE "PROYECTO" MODIFY ("ESTADO" NOT NULL ENABLE);
  ALTER TABLE "PROYECTO" ADD CONSTRAINT "CHK_PROYECTO_PRESUPUESTO" CHECK (presupuesto > 0) ENABLE;
  ALTER TABLE "PROYECTO" ADD CONSTRAINT "CHK_PROYECTO_FECHA" CHECK (fecha_fin > fecha_inicio) ENABLE;
  ALTER TABLE "PROYECTO" ADD CONSTRAINT "CHK_PROYECTO_ESTADO" CHECK (estado IN ('Activo', 'Inactivo')) ENABLE;
  ALTER TABLE "PROYECTO" ADD PRIMARY KEY ("PROYECTO_ID")
  USING INDEX PCTFREE 10 INITRANS 2 MAXTRANS 255 COMPUTE STATISTICS 
  STORAGE(INITIAL 65536 NEXT 1048576 MINEXTENTS 1 MAXEXTENTS 2147483645
  PCTINCREASE 0 FREELISTS 1 FREELIST GROUPS 1
  BUFFER_POOL DEFAULT FLASH_CACHE DEFAULT CELL_FLASH_CACHE DEFAULT)
  TABLESPACE "USERS"  ENABLE;
  ALTER TABLE "PROYECTO" ADD UNIQUE ("NOMBRE_PROYECTO")
  USING INDEX PCTFREE 10 INITRANS 2 MAXTRANS 255 COMPUTE STATISTICS 
  STORAGE(INITIAL 65536 NEXT 1048576 MINEXTENTS 1 MAXEXTENTS 2147483645
  PCTINCREASE 0 FREELISTS 1 FREELIST GROUPS 1
  BUFFER_POOL DEFAULT FLASH_CACHE DEFAULT CELL_FLASH_CACHE DEFAULT)
  TABLESPACE "USERS"  ENABLE;
--------------------------------------------------------
--  Constraints for Table PUESTO
--------------------------------------------------------

  ALTER TABLE "PUESTO" MODIFY ("TITULO_PUESTO" NOT NULL ENABLE);
  ALTER TABLE "PUESTO" ADD CONSTRAINT "CHK_PUESTOS_SALARIO" CHECK (salario_max >= salario_min) ENABLE;
  ALTER TABLE "PUESTO" ADD PRIMARY KEY ("PUESTO_ID")
  USING INDEX PCTFREE 10 INITRANS 2 MAXTRANS 255 COMPUTE STATISTICS 
  STORAGE(INITIAL 65536 NEXT 1048576 MINEXTENTS 1 MAXEXTENTS 2147483645
  PCTINCREASE 0 FREELISTS 1 FREELIST GROUPS 1
  BUFFER_POOL DEFAULT FLASH_CACHE DEFAULT CELL_FLASH_CACHE DEFAULT)
  TABLESPACE "USERS"  ENABLE;
--------------------------------------------------------
--  Constraints for Table REGION
--------------------------------------------------------

  ALTER TABLE "REGION" MODIFY ("REGION_ID" NOT NULL ENABLE);
  ALTER TABLE "REGION" MODIFY ("NOMBRE_REGION" NOT NULL ENABLE);
  ALTER TABLE "REGION" ADD PRIMARY KEY ("REGION_ID")
  USING INDEX PCTFREE 10 INITRANS 2 MAXTRANS 255 COMPUTE STATISTICS 
  STORAGE(INITIAL 65536 NEXT 1048576 MINEXTENTS 1 MAXEXTENTS 2147483645
  PCTINCREASE 0 FREELISTS 1 FREELIST GROUPS 1
  BUFFER_POOL DEFAULT FLASH_CACHE DEFAULT CELL_FLASH_CACHE DEFAULT)
  TABLESPACE "USERS"  ENABLE;
  ALTER TABLE "REGION" ADD UNIQUE ("NOMBRE_REGION")
  USING INDEX PCTFREE 10 INITRANS 2 MAXTRANS 255 COMPUTE STATISTICS 
  STORAGE(INITIAL 65536 NEXT 1048576 MINEXTENTS 1 MAXEXTENTS 2147483645
  PCTINCREASE 0 FREELISTS 1 FREELIST GROUPS 1
  BUFFER_POOL DEFAULT FLASH_CACHE DEFAULT CELL_FLASH_CACHE DEFAULT)
  TABLESPACE "USERS"  ENABLE;
--------------------------------------------------------
--  Ref Constraints for Table ASIGNACION
--------------------------------------------------------

  ALTER TABLE "ASIGNACION" ADD CONSTRAINT "FK_ASIGNACION_EMP" FOREIGN KEY ("EMPLEADO_ID")
	  REFERENCES "EMPLEADO" ("EMPLEADO_ID") ENABLE;
  ALTER TABLE "ASIGNACION" ADD CONSTRAINT "FK_ASIGNACION_PROYECTO" FOREIGN KEY ("PROYECTO_ID")
	  REFERENCES "PROYECTO" ("PROYECTO_ID") ENABLE;
--------------------------------------------------------
--  Ref Constraints for Table DEPARTAMENTO
--------------------------------------------------------

  ALTER TABLE "DEPARTAMENTO" ADD CONSTRAINT "FK_DEPARTAMENTO_LOCALIZACIONID" FOREIGN KEY ("LOCALIZACION_ID")
	  REFERENCES "LOCALIZACION" ("LOCALIZACION_ID") ENABLE;
  ALTER TABLE "DEPARTAMENTO" ADD CONSTRAINT "FK_DEPARTAMENTO_MANAGER" FOREIGN KEY ("MANAGER_ID")
	  REFERENCES "EMPLEADO" ("EMPLEADO_ID") ENABLE;
--------------------------------------------------------
--  Ref Constraints for Table EMPLEADO
--------------------------------------------------------

  ALTER TABLE "EMPLEADO" ADD CONSTRAINT "FK_EMP_PUESTO" FOREIGN KEY ("PUESTO_ID")
	  REFERENCES "PUESTO" ("PUESTO_ID") ENABLE;
  ALTER TABLE "EMPLEADO" ADD CONSTRAINT "FK_EMP_DEPARTAMENTO" FOREIGN KEY ("DEPARTAMENTO_ID")
	  REFERENCES "DEPARTAMENTO" ("DEPARTAMENTO_ID") ENABLE;
  ALTER TABLE "EMPLEADO" ADD CONSTRAINT "FK_EMP_MANAGER" FOREIGN KEY ("MANAGER_ID")
	  REFERENCES "EMPLEADO" ("EMPLEADO_ID") ENABLE;
--------------------------------------------------------
--  Ref Constraints for Table HISTORIAL_PUESTO
--------------------------------------------------------

  ALTER TABLE "HISTORIAL_PUESTO" ADD CONSTRAINT "FK_EMP_EMPLEADOID" FOREIGN KEY ("EMPLEADO_ID")
	  REFERENCES "EMPLEADO" ("EMPLEADO_ID") ENABLE;
  ALTER TABLE "HISTORIAL_PUESTO" ADD CONSTRAINT "FK_HIS_EMP_PUESTO" FOREIGN KEY ("PUESTO_ID")
	  REFERENCES "PUESTO" ("PUESTO_ID") ENABLE;
  ALTER TABLE "HISTORIAL_PUESTO" ADD CONSTRAINT "FK_HIS_EMP_DEPARTAMENTO" FOREIGN KEY ("DEPARTAMENTO_ID")
	  REFERENCES "DEPARTAMENTO" ("DEPARTAMENTO_ID") ENABLE;
--------------------------------------------------------
--  Ref Constraints for Table LOCALIZACION
--------------------------------------------------------

  ALTER TABLE "LOCALIZACION" ADD CONSTRAINT "FK_LOCALIZACION_PAISID" FOREIGN KEY ("PAIS_ID")
	  REFERENCES "PAIS" ("PAIS_ID") ENABLE;
--------------------------------------------------------
--  Ref Constraints for Table PAIS
--------------------------------------------------------

  ALTER TABLE "PAIS" ADD CONSTRAINT "FK_PAIS_REGIONID" FOREIGN KEY ("REGION_ID")
	  REFERENCES "REGION" ("REGION_ID") ENABLE;
